nome_loja,url,data_scraping,emails,telefones,whatsapp_links,whatsapp_numeros,facebook,instagram,linkedin,twitter,youtube
013 Garage,https://www.instagram.com/grandeestiloimoveis/reel/DFOEha5SWHT/,2025-03-12T09:12:10.669212,bmoroukian@wnyt.com,,,,http://www.facebook.com/NewsChannel13,http://instagram.com/newschannel13,,,http://www.youtube.com/c/wnyt
01Smart Brasil,https://www.instagram.com/arm_motorss/p/DC4DSYWxe9Z/,2025-03-12T09:12:19.470361,atyourservice@insentials.com,,,,https://www.facebook.com/insentials.supplements,https://www.instagram.com/insentials.supplements,,,
048 Streetwear,https://www.herno.com/,2025-03-12T09:12:29.759315,,"5543-1024-1024, 17369857018794, 5548996471833, 37781216000141, 360014981020, 14181015571, 360015011899",https://wa.me/5548996471833,5548996471833,"https://www.facebook.com/sharer, https://www.facebook.com/HernoSpa","https://instagram.com/048.store, https://www.instagram.com/herno_official",,https://twitter.com/share,
100 CEM POR CENTO BATERA,https://bateriascanoas.com.br/,2025-03-12T09:12:39.339695,"feedback@life360.com, googleplay@life360.com","(51)3475-4364, 05134754364, 555134754364, 100 (51) 3475-4364",https://wa.me/555134754364,555134754364,,,,,
1001 Eletro,https://www.milium.com.br/,2025-03-12T09:12:48.076942,"lojaweb@casadosreles.com.br, atendimento@milium.com.br","1049286-7908, 1048112-7908, 1040639-7891, (47) 3145-1001, 5511945884537, 5884537 1194, 1041413-7896, 1133541898, 1133541898 1194",https://wa.me/5511945884537,5511945884537,"https://www.facebook.com/casa.dosreles, https://www.facebook.com/lojasmilium",https://www.instagram.com/lojasmilium,https://www.linkedin.com/company/milium,https://twitter.com/share,https://www.youtube.com/channel/UCd2ZSnsnnkQZufYBKOGVxbQ
1060plus,https://m.facebook.com/101.multimedia/photos/huion-new-1060-plus-graphic-drawing-tabletfind-more-details-on-our-website-in-th/2089978324412261/,2025-03-12T09:12:56.554289,,,,,,,,,
123 CAIXAS,https://www.123caixas.com.br/,2025-03-12T09:13:05.563011,vendas@123caixas.com.br,"555137137750, (12) 3322-8169, 100095356100937, (12) 99123-2769, 5512991232769","https://wa.me/555137137750, https://wa.me/5512991232769","5512991232769, 555137137750","https://facebook.com/profile.php, https://www.facebook.com/profile.php",https://instagram.com/123caixas,,,
123 Comprou,https://blog.123comprou.com.br/fale-conosco/,2025-03-12T09:13:14.859111,"nome@exemplo.com, contato@123comprou.com.br","2.55825315.9217, 3912104520, 3585031139, 4093544762, 86367.164487847, (11) 3090-1236, (11) 94731-1437",https://wa.me/5511947311437,5511947311437,https://www.facebook.com/123comprou,"https://www.instagram.com/123comprouoficial, https://www.instagram.com/123comprou",,,
123 realiza,https://veracruz.ba.gov.br/,2025-03-12T09:13:23.452994,relacionamento@veracruz.ba.gov.br,"(93) 3544-2211, 13891130000103, (71) 3633-1401",,,https://www.facebook.com/umanovaveracruz,https://www.instagram.com/umanovaveracruz,,,
123 Sport,https://www.novavenecia.es.gov.br/secretarias/,2025-03-12T09:13:35.496826,"gabinetesme@sjc.sp.gov.br, sasc@sjc.sp.gov.br, saude@sjc.sp.gov.br, semob@sjc.sp.gov.br, o@novavenecia.es.gov.br, obras@sjc.sp.gov.br, financas@novavenecia.es.gov.br, sadm@sjc.sp.gov.br, saj@sjc.sp.gov.br, seurbs@sjc.sp.gov.br, esportes@sjc.sp.gov.br, fundosocial@sjc.sp.gov.br, faleconosco@urbam.com.br, presidencia@fundhas.org.br, governo@sjc.sp.gov.br, sepac@sjc.sp.gov.br, sde@sjc.sp.gov.br, smc@sjc.sp.gov.br, fccr@fccr.sp.gov.br, procuradorianovavenecia@gmail.com","243332272527292, +55 (12) 3901-2400, 27 98184-0080, 27 98184-0112, 27 98184-0089, +55 (12) 3945-9510, +55 (12) 3212-1200, 41262023282, +55 12 3932-8600, +55 (12) 3878-9534",,,"https://www.facebook.com/PrefeituraSJC, https://www.facebook.com/PrefeituraDeNovaVenecia","https://www.instagram.com/secretariadeobrasnv, https://www.instagram.com/prefeituradenovavenecia, https://www.instagram.com/agricultura.nv, https://www.instagram.com/meioambiente_nv, https://www.instagram.com/educacaonv, https://www.instagram.com/socialnovavenecia, https://www.instagram.com/sectur.nv, https://www.instagram.com/sec.esportesnv, https://www.instagram.com/prefeiturasjcamposoficial",https://www.linkedin.com/company/prefeiturasjc,,https://www.youtube.com/channel/UCKzGotmiFeRpPrzA28NdaIQ
1883,https://scholarsjunction.msstate.edu/usg-volumes/30/,2025-03-12T09:13:43.313854,"export@routin.com, usgpresidentiallibrary@library.msstate.edu",,,,https://www.facebook.com/1883syrups,https://www.instagram.com/1883syrups,,,https://www.youtube.com/user/1883Channel
19BR,https://www.yishama.com/product/c-aegean-19/,2025-03-12T09:13:53.664277,,"1590049910467, 972584442523, 79829997535, (11) 3042-5600, 79581273050, 79581273032, 1590049918186, 34372734263, 1590049925369, 1590049903818",https://wa.me/972584442523,972584442523,"https://www.facebook.com/yishamapantam, https://www.facebook.com/lojaessenciabrasileira","https://www.instagram.com/essenciabrasileira, https://www.instagram.com/yishama_official",,,https://www.youtube.com/user/TerraNXX123
1Fit,https://1fit.app/,2025-03-12T09:14:02.879367,support@1fit.app,,,,,,,,
20V,https://www.dengo.com.br/,2025-03-12T09:14:16.396702,ola@dengo.com,"638422447157470, 638536095378300, 5511971836890, 638530115914470, 503952129.1694","https://wa.me/5511971836890, https://wa.me/5511971836890, https://wa.me/5511971836890, https://wa.me/5511971836890","5511971836890, 5511971836890, 5511971836890, 5511971836890",https://www.facebook.com/dengochocolates,https://www.instagram.com/dengochocolates,,,https://www.youtube.com/channel/UCrgLwbDa7M9CvleG7hytDgQ
24 Horas Filtros,https://www.unimedserragaucha.com.br/pagina/fale-com-a-gente,2025-03-12T09:14:24.721346,"sacreembolso@unimedserragaucha.com.br, sacagendamento@unimedserragaucha.com.br, ouvidoria@unimednoredsters.com.br, ouvidoria@unimedserragaucha.com.br, negociacoespj@unimedserragaucha.com.br, sacunimed@unimedserragaucha.com.br","+55 31 2342 1061, 54 3261.4652, +55 71 4040 4410, +55 61 3181 0348, +17865036965, 54 3220 2000, +555432016120, +555432607300, +555432899300, +55 85 3182 5006","https://wa.me/5554992665371, https://wa.me/5554996053947, https://wa.me/555432202030, https://wa.me/5554997111666, https://wa.me/555408000512100, https://wa.me/5554, https://wa.me/5508000512100, https://wa.me/5554996442322, https://wa.me/5554991291208","5554, 5554997111666, 5554996442322, 5508000512100, 5554992665371, 5554996053947, 555432202030, 555408000512100, 5554991291208","https://www.facebook.com/UnimedNordesteRS, https://www.facebook.com/avis",https://www.instagram.com/unimednordeste_rs,"https://www.linkedin.com/company/unimed-nordeste-rs, https://www.linkedin.com/company/avis-budget-group","https://twitter.com/avis, https://twitter.com/unimedners",https://www.youtube.com/c/UnimedNordesteRSoficial
24 Print Embalagens,https://www.24print.com.br/,2025-03-12T09:14:33.376899,"vendas@pdvprint.com.br, sac@24print.com.br","1132083000, (11) 95334-7391, (11) 3208-3000, 5511953347391, (11) 2021-3668, 551132083000, 1120213668","https://wa.me/5511953347391, https://wa.me/551132083000","551132083000, 5511953347391","https://www.facebook.com/24printembalagens, https://www.facebook.com/pdvprintembalagens","https://www.instagram.com/pdvprintembalagens, https://www.instagram.com/24printembalagens","https://www.linkedin.com/company/24-print-embalagens, https://www.linkedin.com/company/pdvprintembalagens",,https://www.youtube.com/channel/UC5ZTjTIBwhPlt2zDzpnvpFg
25Best,https://blog.timetap.com/blog/posts/best-welcome-messages-for-new-employees,2025-03-12T09:14:40.964646,"support@delight.chat, preetam@delight.chat, marketing@delight.chat",1577703156,,,"https://www.facebook.com/delightchat, https://www.facebook.com/timetap.onlinescheduling",https://www.instagram.com/delightchat,"https://www.linkedin.com/company/delightchat, https://www.linkedin.com/company/timetap","https://twitter.com/tmtap, https://twitter.com/delightchathq",
2Eletro,https://www.ricardoeletro.com.br/,2025-03-12T09:14:48.173298,"exfuncionarios@maquinadevendas.com.br, imprensa@maquinadevendas.com.br, sac@maquinadevendas.com.br","(31) 4042-1278, (11) 3003-7296",,,https://facebook.com/RicardoEletro,https://www.instagram.com/ricardoeletrooficial,,,
2Go Bag,https://www.2gobag.com.br/,2025-03-12T09:14:57.082785,contato@2gobag.com.br,"920767951401527, 3511460628687, (11) 97664-5667, 5511930790508, (11) 93079-0508, (11) 4063-0406",https://wa.me/5511930790508,5511930790508,"http://www.facebook.com/uninaturalprodutosnaturais, https://facebook.com/2gobag, https://www.facebook.com/2gobag, https://www.facebook.com/share.php","http://www.instagram.com/uninatural, https://instagram.com/2gobag",,https://twitter.com/share,https://www.youtube.com/channel/UCGw6rR1uoot5xmJbPejVz3w
2i Eletrônica,https://www.jacutinga.mg.gov.br/,2025-03-12T09:15:06.186571,ouvidoria@jacutinga.mg.gov.br,"(85) 3195-8400, 553534431022, (85) 3453-3500, (35) 3443-1022",,,"https://www.facebook.com/prefeituradejacutinga, facebook.com/trecejus","https://www.instagram.com/tre.ceara, https://www.instagram.com/prefeituradejacutinga",https://www.linkedin.com/company/treceara,,https://www.youtube.com/channel/UCraifwHIlA6jTysHUyHZwfw
2L AUTO PARTS,https://www.boschautoparts.com/,2025-03-12T09:15:15.595107,,,,,"https://www.facebook.com/arbusa, https://www.facebook.com/BoschAutoNA","https://www.instagram.com/arb4x4usa, https://www.instagram.com/Boschautoparts",https://www.linkedin.com/company/arb-air-locker-inc,https://twitter.com/boschautona,
2M Plastic,https://www.dengo.com.br/,2025-03-12T09:15:29.476647,ola@dengo.com,"638422447157470, 638536095378300, 5511971836890, 638530115914470, 503952129.1694","https://wa.me/5511971836890, https://wa.me/5511971836890, https://wa.me/5511971836890, https://wa.me/5511971836890","5511971836890, 5511971836890, 5511971836890, 5511971836890",https://www.facebook.com/dengochocolates,https://www.instagram.com/dengochocolates,,,https://www.youtube.com/channel/UCrgLwbDa7M9CvleG7hytDgQ
2Rios,https://www.2rios.com/,2025-03-12T09:15:36.351811,sac@doisrioslingerie.com,(47) 3043-9622,,,https://www.facebook.com/2Rios.oficial,https://www.instagram.com/doisrios.oficiall,,,https://www.youtube.com/user/2rioslingerie
3 Corações,https://www.cafe3coracoes.com.br/contato/,2025-03-12T09:15:44.467520,"sac@3coracoes.com.br, SAC@3CORACOES.COM.BR, atendimento@3coracoes.com.br","08009792021, 08005910232, 08000313033, 08000313303, 5511989821930, (11) 99208-6657","https://wa.me/5511992086657, https://wa.me/5511989821930","5511989821930, 5511992086657",https://www.facebook.com/cafe3coracoes,https://instagram.com/3coracoes,https://www.linkedin.com/company/3coracoes,https://twitter.com/3coracoes,https://www.youtube.com/user/cafetrescoracoes
3 Palavrinhas,https://www.3palavrinhas.com.br/contato,2025-03-12T09:15:54.382577,"amigos@3palavrinhas.com.br, lojavirtual@3palavrinhas.com.br","1671026437.2172, (31) 3317-6000, 648906707763671, 5511994192574, (11) 99419-2574, (31) 99348-8637, 11994192574",https://wa.me/5511994192574,5511994192574,https://www.facebook.com/3palavrinhas,"https://www.instagram.com/3palavrinhas, https://instagram.com/3palavrinhaslojaoficial",https://www.linkedin.com/company/oinc-filmes,,
360,https://www.ticket360.com.br/central-de-ajuda,2025-03-12T09:16:02.956171,"garantia@ticket360.com.br, serasa@novidades.serasa.com.br, serasa@suaconta.serasa.com.br, serasa@contato.serasa.com.br, Serasa@suaconta.serasa.com.br, serasapremium@comunicados.serasa.com.br, transferencia@ticket360.com.br, serasa.comunicado@contato.serasa.com.br, faleconosco@ticket360.com.br, portalparceiro@suaconta.serasa.com.br, contato@ticket360.com.br, comercial@ticket360.com.br, analise@ticket360.com.br","5511995752096, 11 2847-3631, 11 2847-3868, +55 11 2797-0777, (11) 99575-2096, 11 2847-3647, 1127970777",https://wa.me/5511995752096,5511995752096,"https://www.facebook.com/ticket360, https://www.facebook.com/serasa.com.br","https://instagram.com/ticket360, https://instagram.com/serasa","https://www.linkedin.com/company/serasa, https://www.linkedin.com/company/ticket360-",https://twitter.com/tonaserasa,
3C Autopeças,https://castrillon.com.br/,2025-03-12T09:16:12.582864,,"+551639466011, 2025-2061-1943, 2025-4750-1943, (16) 3946-6011, +551621020202, 6467522822, 265728273890284",,,"https://www.facebook.com/vwsantaemilia, https://www.facebook.com/pages","https://www.instagram.com/castrillonautopecas, https://www.instagram.com/vwsantaemilia","https://www.linkedin.com/company/castrillon-autopecas, https://www.linkedin.com/company/santa-em-lia-ve-culos",,https://www.youtube.com/user/santaemiliaveiculos
3D FAZ,https://www.elegoo.com/pages/support-center,2025-03-12T09:16:21.464597,"to@example.com, test@example.com, from_email@example.com",,,,"https://www.facebook.com/ELEGOOOfficial, https://www.facebook.com/SendGrid",https://www.instagram.com/elegoo,https://www.linkedin.com/company/sendgrid,"https://twitter.com/sendgrid, https://twitter.com/Elegoo_Official",
3D Fila,https://3dfila.com.br/suporte/,2025-03-12T09:16:41.217167,contato@voolt3d.com.br,"(31) 3417-6464, 5511937083025, +553134176464, (11) 93708-3025, 11937083025, 5511950399547, 11 95039-9547, 553134176464","https://wa.me/5511950399547, https://wa.me/553134176464, https://wa.me/5511937083025","553134176464, 5511937083025, 5511950399547","https://www.facebook.com/3dfila, https://www.facebook.com/voolt3d","https://www.instagram.com/p, https://www.instagram.com/reel, https://www.instagram.com/voolt3d, https://www.instagram.com/3dfila_brasil",https://www.linkedin.com/company/voolt-3d,,"https://www.youtube.com/channel/UCU06GFleVVTpq-UWel6JxSA, https://www.youtube.com/c/3dfilaBr"
3d Gold Print,https://www.ysfilament.com/products/double-layers-pla-3d-filament-supplier-pla-manufacturer-pp-filament-conductive-pla-carbon-fiber-pa12-supplier,2025-03-12T09:16:50.347970,customer@flashforge.com,"721107195322840, 721004276834264, 61573450655465, 728784351427515",,,"https://www.facebook.com/profile.php, https://www.facebook.com/Yousu3D, https://www.facebook.com/flashforge3dprinters","https://www.instagram.com/flashforge3dprinter, https://www.instagram.com/yousu_create3d, https://www.instagram.com/reel",,https://twitter.com/Guangzhou_YouSu,https://www.youtube.com/channel/UC1dNSxPrf3cE-pwyiSRejKA
3D HOUSE,https://www.vectric.com/,2025-03-12T09:16:58.131480,customer@flashforge.com,"721107195322840, 61573450655465",,,"https://www.facebook.com/profile.php, https://www.facebook.com/vectric, https://www.facebook.com/flashforge3dprinters","https://www.instagram.com/flashforge3dprinter, https://www.instagram.com/vectricltd",,,https://www.youtube.com/user/Vectric
3D Solar,https://gingkodesign.com/product/amber-crystal-light/,2025-03-12T09:17:07.706143,"fredsonreset@gmail.com, customerservices@gingkodesign.co.uk","1926676527, (11) 94189-4225, 1741449290, (11) 943754986",,,https://www.facebook.com/GingkoDesign,"https://www.instagram.com/gingkodesign, https://www.instagram.com/reset_eyewear",,,https://www.youtube.com/channel/UCDkwXqWRPB7ljCztVfTpnmA
3D4ALL,https://www.3d4all.com.br/p/privacidade,2025-03-12T09:17:15.720394,"dataprivacy@mercadoshops.com, contato@3d4all.com.br","11941144199, 0264424207, 0726329946, 28051479000104, 669310856556222",,,"https://www.facebook.com/3d4all, https://www.facebook.com/Imprimanta3Dfilamente, https://www.facebook.com/sharer.php",,,https://twitter.com/intent,https://www.youtube.com/channel/UCpiCBuAi8grbU-qnikx2OmQ
3DBOTS,https://cpgo.com.br/3dbotonline/,2025-03-12T09:17:38.313165,ciaoral@ciaoral.com,"(84) 98746-0001, (84) 98852-5040, (81) 3072-7520, 8432234800, (84) 3223-4800, 0018188989567, (84) 3221-5039, (84)98840-5522, (81) 98876-8481",,,"http://facebook.com/cpgoodontologia, http://facebook.com/cpgoodontologiape, https://facebook.com/share.php",http://instagram.com/cpgoodontologia,,,
3DX,https://www.elegoo.com/pages/support-center,2025-03-12T09:17:46.674817,,,,,"https://www.facebook.com/ELEGOOOfficial, https://www.facebook.com/3CX","https://www.instagram.com/official3cx, https://www.instagram.com/elegoo",https://www.linkedin.com/company/3cx,"https://twitter.com/Elegoo_Official, https://twitter.com/3CX",https://www.youtube.com/user/3cx
3DX Filamentos,https://3dlab.com.br/,2025-03-12T09:17:53.897519,contato@voolt3d.com.br,"5511937083025, (11) 93708-3025, 11937083025, 5511950399547, 553989840615, 11 95039-9547","https://wa.me/5511950399547, https://wa.me/5511937083025, https://wa.me/553989840615","553989840615, 5511937083025, 5511950399547","https://www.facebook.com/3dlabbrasil, https://www.facebook.com/voolt3d","https://www.instagram.com/p, https://www.instagram.com/reel, https://www.instagram.com/3dlab_brasil, https://www.instagram.com/voolt3d","linkedin.com/company/3d-lab-tecnologia-em-impress, https://www.linkedin.com/company/voolt-3d",,"https://www.youtube.com/channel/UCU06GFleVVTpq-UWel6JxSA, https://www.youtube.com/channel/UCbpLGW1phwIAOHrOlX48CRA"
3Green,https://qualisceramica.com/product/ronda-5-5x6-3-green-hexagon/,2025-03-12T09:18:07.529553,info@qualisceramica.com,,,,"http://www.facebook.com/sharer.php, https://www.facebook.com/qualis.ceramica",https://www.instagram.com/qualis.ceramica,,http://twitter.com/share,
3M,https://www.3m.com.br/3M/pt_BR/3m-do-brasil/fale-com-a-3m/,2025-03-12T09:18:14.333892,lpvirginio@mmm.com,"18003281667, 18662791235, 558007620042, 18003678905, +55 8007620042, 020120180908526, 020120180868534, 04582379983, 0458237936, 0458237972",,,https://www.facebook.com/3M,https://www.instagram.com/3m,https://www.linkedin.com/company/3m,,https://www.youtube.com/c/3MCorporate
3VS,https://www.3vsnutrition.com.br/central-de-atendimento,2025-03-12T09:18:20.240806,"contato@3vsnutrition.com.br, sac@3vsnutrition.com.br, contato@5hormone.com.br","+55 95 9155-5560, (11) 4607-1158, 5511956069779, 559591555560, 1146071158, 5595991555560, 95981200508, +55 11 95606-9779, 779 (11) 4607-1158","https://wa.me/559591555560, https://wa.me/95981200508, https://wa.me/5511956069779","559591555560, 5511956069779, 95981200508","https://www.facebook.com/5hormone, https://www.facebook.com/3vsNutrition","https://www.instagram.com/5hormone, https://www.instagram.com/3vsnutrition",,,https://www.youtube.com/user/newabetv
3VS Nutrition,https://www.3vsnutrition.com.br/central-de-atendimento,2025-03-12T09:18:26.099547,"contato@3vsnutrition.com.br, sac@3vsnutrition.com.br, contato@5hormone.com.br","+55 95 9155-5560, (11) 4607-1158, 5511956069779, 559591555560, 1146071158, 5595991555560, 95981200508, +55 11 95606-9779, 779 (11) 4607-1158","https://wa.me/559591555560, https://wa.me/95981200508, https://wa.me/5511956069779","559591555560, 5511956069779, 95981200508","https://www.facebook.com/5hormone, https://www.facebook.com/3vsNutrition","https://www.instagram.com/5hormone, https://www.instagram.com/3vsnutrition",,,https://www.youtube.com/user/newabetv
4 STORE PREMIUM,https://www.verizon.com/,2025-03-12T09:18:34.570465,,+18338374966,,,"https://www.facebook.com/verizon, https://www.facebook.com/Spotify","https://instagram.com/spotify, https://www.instagram.com/verizon",,"https://twitter.com/spotify, https://twitter.com/AskSpotifyStars, https://twitter.com/verizon",https://www.youtube.com/user/verizon
4Bike,https://allfenix.com/products/eco-rib-4-bike-shorts-black,2025-03-12T09:18:42.632206,contato@4bikeshop.com.br,"+611300707662, 5548999695249, 61423283260, (48) 99969-5249, 1300707662, +61423283260","https://wa.me/61423283260, https://wa.me/5548999695249","5548999695249, 61423283260","https://facebook.com/4bikeshop, https://www.facebook.com/4bikeshop, https://www.facebook.com/AllFenix","https://www.instagram.com/allfenix, www.instagram.com/4bike_shop, https://instagram.com/4bike_shop, https://www.instagram.com/4bike_shop",,,
4Fitness,https://www.4fitnessshop.com.br/atendimento-ao-cliente,2025-03-12T09:18:51.417786,4fitness.gpes@gmail.com,"+55 18 99721-8543, (18)99162-0591, 5518991620591",,,facebook.com/GarminOman.official,"https://www.instagram.com/4fitness.shop, https://www.instagram.com/garmin_oman_",https://www.linkedin.com/company/suhail-bahwan-group-holding-llc,https://twitter.com/GarminOman_Off,https://www.youtube.com/channel/UCatL1URAgnCABvA1fplYDjw
4Food Print,https://www.4foodprint.com.br/,2025-03-12T09:19:00.161023,atendimento@4foodprint.com.br,"(11) 97153-9433, 11971539433, 5511973827865",https://wa.me/5511973827865,5511973827865,https://www.facebook.com/4foodprint,https://www.instagram.com/4foodprint,https://www.linkedin.com/company/4food-print,https://twitter.com/google,
4K Store,https://www.sipolatti.com.br/,2025-03-12T09:19:09.475210,ouvidoria@sipolatti.com.br,"27243.165270083, 134676725.5004, 1649800833, 0-1226673941, 09570.169809537",,,"https://www.facebook.com/Sipolatti, https://www.facebook.com/SamsungBrasil","https://www.instagram.com/lojassipolatti, https://www.instagram.com/samsungbrasil",,,
4R ESTOFADOS,https://www.benoit.com.br/,2025-03-12T09:19:17.289494,,"+555137103800, 555137103808, (22) 99924-1901, 5522999241901, 5551997996784, 360-10010968, (51) 3710 3800",https://wa.me/5522999241901,5522999241901,"https://facebook.com/lojaeletroshop, https://www.facebook.com/lojasbenoit, https://www.facebook.com/lojaeletroshop","https://instagram.com/eletroshop_oficial, https://www.instagram.com/lojasbenoit_oficial",,,https://www.youtube.com/channel/UCNSKVknoEp3dd0zxT6iaJMA
4R Truck Center,https://www.4rtruckcenter.com.br/atendimento,2025-03-12T09:19:29.512099,contato@grupo4r.com.br,"+554934425141, 49 3442 5141, 5549999476312",,,,,,,
4Show,https://www.laconiadailysun.com/news/local/interlakes-summer-theatre-goes-nonprofit-previews-4-show-run/article_7aaaad0a-f47e-11ef-8257-eb91e625268d.html,2025-03-12T09:19:37.261701,"ads@laconiadailysun.com, feedback.android@4shared.com, sales@4sync.com",,,,"https://www.facebook.com/sharer, https://www.facebook.com/TheLaconiaDailySun, facebook.com/ads",https://www.instagram.com/laconiadailysun,https://www.linkedin.com/company/laconia-daily-sun,"https://twitter.com/intent, https://twitter.com/laconiadailysun",
4TAKES,http://www.4takes.com.br/,2025-03-12T09:19:46.788798,sac@4takes.com.br,"+55 11 91460-7433, (11) 5070-1910, (11) 5070-1918, 5511914607433, 61558276940768, +55 11 5070.1918, (11) 91460-7433, 11-5070-1910",https://wa.me/5511914607433,5511914607433,"https://www.facebook.com/4takes123, https://www.facebook.com/profile.php","https://www.instagram.com/4takes, https://www.instagram.com/abarth.wear",https://www.linkedin.com/company/4takes,,
4well,https://contacts.google.com/,2025-03-12T09:19:56.621661,,"11 97694-6815, 4002-4000 4003, 1461510055, 08006488000, 08007710301",https://wa.me/5511976946815,5511976946815,https://www.facebook.com/getnetbrasil,https://www.instagram.com/getnetbrasil,https://www.linkedin.com/company/getnet-br,https://twitter.com/getnetbrasil,https://www.youtube.com/user/getnetbrasil
4X4 Store Brasil,https://www.4x4storebrasil.com/,2025-03-12T09:20:06.601393,sac@4x4storebrasil.com,"24-19546589, 26-19648284, 553298439204, 17-19545954, 18-19545819",https://wa.me/553298439204,553298439204,"https://facebook.com/4x4storebrasil, https://www.facebook.com/4x4storebrasil, https://www.facebook.com/arbusa","https://www.instagram.com/arb4x4usa, https://instagram.com/4x4storebrasil",https://www.linkedin.com/company/arb-air-locker-inc,,
4x4sc,https://www.4x4sc.com.br/pagina/central-de-atendimento.html,2025-03-12T09:20:14.502659,"atendimento@4x4sc.com.br, financeiro@4x4sc.com.br, garantias@4x4sc.com.br","(47) 99910-0304, (47) 3488-6650, 5547991373343, (47) 3234-0331, (47) 99137-3343",https://wa.me/5547991373343,5547991373343,"https://www.facebook.com/4x4sc.com.br, https://facebook.com/4x4sc.com.br",https://instagram.com/4x4sc.com.br,,,
500 PRO,https://br.usembassy.gov/pt/u-s-citizen-services-pt/contato-horarios-agendamentos/,2025-03-12T09:20:22.007799,"portoalegreACS@state.gov, SaoPauloACS@state.gov, salvadoracs@state.gov, acsrio@state.gov, Brazil.ACS@gdit-gss.com, prefeitura@imbituva.pr.gov.br, fbu.lisbon@ssa.gov, votesaopaulo@state.gov, voteriodejaneiro@state.gov, voterecife@state.gov, manausacs@state.gov, FortalezaACS@state.gov, RecifeACS@state.gov, Votebrasilia@state.gov, BrasiliaACS@state.gov","(92) 3611-3333, 0546033683, (61) 3312-7000, 46788090234346, 1083583098, (42) 92001-0032, 55-61) 3312-7000, (61) 3550 0774, 05460336813, (13) 3500 6208",,,"http://www.facebook.com/EmbaixadadosEUA.BR, https://www.facebook.com/PrefeituradeImbituva",http://instagram.com/embaixadaeua,,,
512,https://www.fasano.com.br/contato/,2025-03-12T09:20:29.782977,,"252465282426652, +55733018-2954, +55 21 3202 4030, 283428072126342, 771766476797839, 5122234636, 5122237000",https://wa.me/59891482404,59891482404,"https://www.facebook.com/ACCDistrict, https://www.facebook.com/Grupo.Fasano","https://www.instagram.com/accdistrict, https://www.instagram.com/fasano",,https://twitter.com/accdistrict,
57Porcento,https://57porcento.com/,2025-03-12T09:20:38.034269,,"553136436916, +55 31 991656511, +55 31 36436916","https://wa.me/553136436916, https://wa.me/553136436916, https://wa.me/553136436916, https://wa.me/553136436916, https://wa.me/553136436916","553136436916, 553136436916, 553136436916, 553136436916, 553136436916",,,,,
5M Sports,https://www.nauticadventuresports.com/throttle-cable-extension-5m,2025-03-12T09:20:50.938963,"native@nauticadventuresports.com, hobie@nauticadventuresports.com","+31616703392, 54970430194039",,,facebook.com/nauticadventuresports,https://www.instagram.com/nauticadventuresports,,,
792 Cosméticos,https://www.mdanderson.org/about-md-anderson/contact-us.html,2025-03-12T09:21:02.620633,giving@mdanderson.org,"00-158910912, 18776326789",,,facebook.com/MDAnderson,instagram.com/mdandersoncancercenter,linkedin.com/company/mdandersoncancercenter,"twitter.com/mdandersonnews, https://twitter.com/MDAndersonNews",
7CARD,https://www.7card.com.br/minecoins-1720-coins-minecraft/,2025-03-12T09:21:09.792390,"arthur@faurelepage.com, contato@7card.com.br, Arthur@faurelepage.com","44 99824-9581, 1726734871, 000000000100489, 33647320339, 2074400151318",https://wa.me/33647320339,33647320339,"https://www.facebook.com/sharer, https://www.facebook.com/FaureLePageOfficial",https://www.instagram.com/faurelepage,https://www.linkedin.com/company/faur-le-page,,https://www.youtube.com/channel/UCPKbcW3MOyQllkKKikQxUZA
8 Oitava Mall,https://www.oitavamall.com.br/,2025-03-12T09:21:18.809456,"informacao@oitavo.com.br, sac@oitavamall.app.br","5222293336, 106486388550354, +55 11 3291.8089, 3884324451, 3920855393, 3844696667, 551132918080, 100003217597327, +55 11 3291.8080",https://wa.me/551132918080,551132918080,"https://www.facebook.com/Oitavamall, https://www.facebook.com/profile.php",https://www.instagram.com/oitava_mall,,,"http://www.youtube.com/user/oitavoregistro, https://www.youtube.com/channel/UCVZVqN0jL9g0HrmBjPYHzjQ"
99 Festas,https://1001festas.com.br/,2025-03-12T09:21:25.361204,,"08007756000, 551156966000, 558007782828, (31) 3212-8565","https://wa.me/551156966000, https://wa.me/558007782828","551156966000, 558007782828","facebook.com/1001Festas.Oficial, https://www.facebook.com/habibsoficial","http://instagram.com/1001festas, https://www.instagram.com/habibsoficial",linkedin.com/company/habibsonline,https://twitter.com/habibsoficial,https://www.youtube.com/channel/UCPzXQMYrUkamn4_ouSsoz6A
99MX,https://tracking.99minutos.com/,2025-03-12T09:21:31.151604,,16383780618282,,,,,,,
A Bone Foods,https://www.foodbazaar.com/,2025-03-12T09:21:39.990576,"jobs@kochfoods.com, ESG-sustainability@kochfoods.com, consumer@kochfoods.com, Consumer@kochfoods.com","1660230137, 6-1520254378, 223804312.2038, 8006924548, 203024.166189264",,,https://www.facebook.com/FoodBazaarSupermarket,https://www.instagram.com/foodbazaarsupermarket,,https://twitter.com/MyFoodBazaar,https://www.youtube.com/channel/UCCWE1Gu2J3Bq94hcRLx7LOw
A Brigadeirinha,https://www.abrigadeirinha.com.br/todosprodutos,2025-03-12T09:21:48.578261,sac@afjmaquinas.com.br,"(11) 94872-9759, (11) 3456-2814, 5511948729759",https://wa.me/5511948729759,5511948729759,"https://www.facebook.com/afjmaquinas, https://facebook.com/afjmaquinas",https://instagram.com/afjmaquinas,,https://twitter.com/afjmaquinas,
A CAMARGO,https://www.instagram.com/zezedicamargo/,2025-03-12T09:21:55.456752,,,,,,,,,
A Casa Brasileira,https://br.usembassy.gov/pt/u-s-citizen-services-pt/vitimas-de-crime/,2025-03-12T09:22:05.662634,"SalvadorACS@state.gov, PortoAlegreACS@state.gov, recifeacs@state.gov, SaoPauloACS@state.gov, cremvfloripa@gmail.com, FortalezaACS@state.gov, ouvidoria@secmulher.gov.pe.br, ACSRio@state.gov, deam.ssaba@bol.com.br, RecifeACS@state.gov, acsrio@state.gov, Recifeacs@state.gov, manausACS@state.gov, crm@sdstjdh.rs.gov.br, BrasiliaACS@state.gov, portoalegreacs@state.gov, fortalezaacs@state.gov, brasiliaacs@state.gov, deam.brotas@pcivil.ba.gov.br, saopauloacs@state.gov, ola@dengo.com","638422447157470, 55 (85) 3223-4902, 638536095378300, +55 (51) 3345-6000, 5511971836890, 638530115914470, +55 (21) 3823-2000, +55 (61) 3207-6172, 503952129.1694, +55 (48) 3224-7373",https://wa.me/5511971836890,5511971836890,"http://www.facebook.com/EmbaixadadosEUA.BR, https://www.facebook.com/dengochocolates","https://www.instagram.com/dengochocolates, http://instagram.com/embaixadaeua",,,https://www.youtube.com/channel/UCrgLwbDa7M9CvleG7hytDgQ
A Casa de Móveis,https://www.lojasimperio.com.br/pagina/central-de-atendimento,2025-03-12T09:22:13.493796,"cancelamentoapp@lojasimperio.com.br, sac.digital@lojasimperio.com.br","(81) 3198-4848, 1462799579, 81 3198.4848, +558131984848, 558131984848",https://wa.me/558131984848,558131984848,https://www.facebook.com/ImperioMoveiseEletro,https://www.instagram.com/imperiomoveiseeletro,,,
A Casa dos Doces,https://loja.douxdoces.com.br/,2025-03-12T09:22:20.202407,"sac@douxdoces.com.br, ola@dengo.com","638422447157470, 638536095378300, 5511971836890, (11) 2601-8890, 638530115914470, 503952129.1694, (11) 2609-4057, 551126094057","https://wa.me/5511971836890, https://wa.me/551126094057","5511971836890, 551126094057","https://www.facebook.com/douxbrasil.doces, https://facebook.com/douxbrasil.doces, https://www.facebook.com/dengochocolates",https://www.instagram.com/dengochocolates,,,https://www.youtube.com/channel/UCrgLwbDa7M9CvleG7hytDgQ
A DRIVE PARTS PEÇAS AUTOMOTI,https://www.atlantapecas.com.br/,2025-03-12T09:22:31.938437,orcamento@atlantapecas.com.br,"5431940686, 1647978499023, (54) 3194 0686, 23.426624099999, +551137564000, 1660843569947, 1291419456, 55 1137564000, (54) 3194-0686",,,"https://www.facebook.com/camillopartsdistribuidora, https://www.facebook.com/AtlantaAutopecasEAcessorios, https://www.facebook.com/sharer.php","https://www.instagram.com/atlantaautopecas, https://www.instagram.com/camilloparts",,,https://www.youtube.com/channel/UCXOyaUMzpKmLen6vAVFvw0Q
A Esportiva,https://www.joma.com.br/,2025-03-12T09:22:40.922182,"culturaeturismo@rodeio.sc.gov.br, cras@rodeio.sc.gov.br, rodeio.empreendedor@gmail.com, esporte@rodeio.sc.gov.br, saude@rodeio.sc.gov.br, agricultura@rodeio.sc.gov.br, educacao@rodeio.sc.gov.br, contato@jomabr.com.br, obras@rodeio.sc.gov.br, assistencia@rodeio.sc.gov.br, conselhotutelarrodeio@hotmail.com, prefeituraderodeio@gmail.com, crasrodeio@gmail.com, culturaeturismorodeio@gmail.com, s.geral@terra.com.br, bolsafamilia@rodeio.sc.gov.br","5511915528986, (47) 3384-0166, (47) 3384-0660, (47) 3384-9002, (47) 3384-1741, (47) 3384-0161, 5511943118416, (11) 94311-8416","https://wa.me/5511943118416, https://wa.me/5511915528986","5511943118416, 5511915528986","facebook.com/JomaSportBR, facebook.com/prefeituraderodeio","https://www.instagram.com/prefeituraderodeio, https://www.instagram.com/jomasportbr",,,https://www.youtube.com/channel/UCQuToHgd8QEnzYsiBNL5BLA
A Gourmet,https://www.seara.com.br/fale-conosco/,2025-03-12T09:22:48.393889,sac@lojadekor.com.br,"08000472425, 554833801994, +5508000472425, (48) 3380-1994, 551149508096, 11 4950-8096, (11) 4950-8096","https://wa.me/551149508096, https://wa.me/554833801994","554833801994, 551149508096","https://facebook.com/lojadekor, https://www.facebook.com/SearaBrasil, https://www.facebook.com/lojadekor","https://instagram.com/lojadekor, https://www.instagram.com/searabrasil",linkedin.com/company/-seara,https://twitter.com/lojadekor,
A GUITARRA DE PRATA,https://www.instagram.com/aguitarradeprata/reel/DBoI1SoKqTh/,2025-03-12T09:22:56.296378,,,,,,,,,
A Instaladora,https://www.berlitzinstaladora.com.br/,2025-03-12T09:23:04.503138,"talentos@gree-am.com.br, comercial@berlitzinstaladora.com.br, solar@berlitzinstaladora.com.br, sac@gree-am.com.br, talentosmanaus2020@outlook.com","5551996733245, 555135644900, 51986828411 5135, 08000556188, 5551986828411, 846512569179072, 51996733245","https://wa.me/5551996733245, https://wa.me/555135644900, https://wa.me/5551986828411","5551996733245, 555135644900, 5551986828411","https://facebook.com/berlitzinstaladora, https://www.facebook.com/greebrasil, https://www.facebook.com/tr","https://instagram.com/berlitzinstaladora, https://instagram.com/greebrasil",http://linkedin.com/company/greebrasil,,https://www.youtube.com/channel/UCJbWBhRdIqWZxPibg4PuSUA
A Loja da Cozinha,https://www.minhaitatiaia.com.br/,2025-03-12T09:23:11.018587,,"9664985145741, 9664662769293, (11) 4861-3981, 12328073923853, 9664614026509",,,"https://www.facebook.com/Tramontina, https://www.facebook.com/minhaitatiaia","https://www.instagram.com/minhaitatiaia, https://www.instagram.com/tramontinaoficial",https://www.linkedin.com/company/cozinhas-itatiaia,https://twitter.com/minhaitatiaia,https://www.youtube.com/user/tramontina
A Mais Inspiração LTDA,https://www.brae.com.br/,2025-03-12T09:23:23.670173,"sac@4takes.com.br, sac@braehaircare.com","+55 11 91460-7433, (11) 5070-1918, 5511914607433, +55 11 5070.1918",https://wa.me/5511914607433,5511914607433,"https://www.facebook.com/braehair, https://www.facebook.com/4takes123","https://www.instagram.com/4takes, https://www.instagram.com/braehaircare",https://www.linkedin.com/company/4takes,,https://www.youtube.com/c/braehaircare
a Móveis Arapongas,https://www.moveisarapongas.com.br/,2025-03-12T09:23:32.740340,,"554332757834, 43 3275-7834, 43 32757834",https://wa.me/554332757834,554332757834,https://www.facebook.com/Moveisarapongasoficial,https://www.instagram.com/moveisarapongasoficial,,,
A Ordem Country,https://br.usembassy.gov/pt/u-s-citizen-services-pt/contato-horarios-agendamentos/,2025-03-12T09:23:41.040605,"portoalegreACS@state.gov, SaoPauloACS@state.gov, salvadoracs@state.gov, acsrio@state.gov, erenor@suframa.gov.br, Brazil.ACS@gdit-gss.com, erepar@itamaraty.gov.br, fbu.lisbon@ssa.gov, cpf.residente.exterior@rfb.gov.br, eleitor.exterior@tre-df.jus.br, votesaopaulo@state.gov, voteriodejaneiro@state.gov, voterecife@state.gov, manausacs@state.gov, FortalezaACS@state.gov, RecifeACS@state.gov, Votebrasilia@state.gov, BrasiliaACS@state.gov","(92) 3611-3333, (61) 3312-7000, 55-61) 3312-7000, 1558883724, (61) 3550 0774, (13) 3500 6208",,,"http://www.facebook.com/EmbaixadadosEUA.BR, https://www.facebook.com/ItamaratyGovBr","http://instagram.com/embaixadaeua, http://instagram.com/itamaratygovbr",https://www.linkedin.com/company/itamaratygovbr,"https://twitter.com/itamaraty_es, https://twitter.com/ItamaratyGovBr, https://twitter.com/itamaraty_en",https://www.youtube.com/user/MREBRASIL
A Organica,https://www.aripuana.mt.gov.br/,2025-03-12T09:23:48.524255,prefeitura@aripuana.mt.gov.br,"1660230137, 6-1520254378, 223804312.2038, (66) 3565-3900, 203024.166189264",,,"https://www.facebook.com/FoodBazaarSupermarket, https://www.facebook.com/prefeituradearipuana","https://www.instagram.com/foodbazaarsupermarket, https://www.instagram.com/prefeituradearipuana",,https://twitter.com/MyFoodBazaar,https://www.youtube.com/channel/UCCWE1Gu2J3Bq94hcRLx7LOw
A Página,https://br.usembassy.gov/pt/u-s-citizen-services-pt/contato-horarios-agendamentos/,2025-03-12T09:23:59.956502,"portoalegreACS@state.gov, SaoPauloACS@state.gov, manausacs@state.gov, acsrio@state.gov, salvadoracs@state.gov, Brazil.ACS@gdit-gss.com, fbu.lisbon@ssa.gov, votesaopaulo@state.gov, voterecife@state.gov, voteriodejaneiro@state.gov, FortalezaACS@state.gov, RecifeACS@state.gov, Votebrasilia@state.gov, BrasiliaACS@state.gov","(92) 3611-3333, (61) 3312-7000, 55-61) 3312-7000, (61) 3550 0774, (13) 3500 6208",,,http://www.facebook.com/EmbaixadadosEUA.BR,http://instagram.com/embaixadaeua,,,
A Sedutora Lingerie,https://www.instagram.com/lepink_homewear/reel/CtSLc2Vx5_8/,2025-03-12T09:24:05.930531,contato@comprafacillingerie.com.br,"(22) 99878-7449, 22998787449, (22) 998787449, 5522998787449",https://wa.me/5522998787449,5522998787449,https://www.facebook.com/comprafacillingerie,https://www.instagram.com/lojacomprafacillingerie,,,
A Turma da Bagunça,https://www.bichobagunca.com.br/,2025-03-12T09:24:13.473540,comercial1@bichobagunca.com.br,"(47) 3332-7847, (47) 3332-6155, 554733327847",https://wa.me/554733327847,554733327847,"https://facebook.com/BichoBagunca, https://www.facebook.com/BichoBagunca",https://instagram.com/bichobagunca,,,
AaZ Embalagens,https://www.kaz.com.br/,2025-03-12T09:24:21.703401,"atendimento@azacessorios.com.br, falecom@kaz.com.br","(11) 91507-7471, 2009 2010 2011, 4562317668, 3920435445, 4530663400, 3934793813, 11915077471, 5511915077471","https://wa.me/5511915077471, https://wa.me/5511963596656","5511915077471, 5511963596656","https://www.facebook.com/kaz.oficial, https://www.facebook.com/azacessoriosoficial","https://www.instagram.com/azacessoriosoficial, https://www.instagram.com/kaz.oficial",,,https://www.youtube.com/channel/UCZyqYDbCjOfb37ToKqbbfHA
Ab Compras,https://www.steelfitbr.com.br/kit/abs-of-steel-237ml-un-cinta-neoprene/,2025-03-12T09:24:29.047735,contato@steelfitbr.com.br,"5521994688376, 5511998401225, (11)99840-1225, (11)3403-4776, 5533999206530","https://wa.me/5533999206530, https://wa.me/5521994688376, https://wa.me/55, https://wa.me/5511998401225","55, 5533999206530, 5511998401225, 5521994688376",https://www.facebook.com/bagaggio,https://www.instagram.com/bagaggio,,https://twitter.com/usebagaggio,
ABC da Construção,https://www.abcdaconstrucao.com.br/,2025-03-12T09:24:35.967219,K@48G9-.BYBGNPTUT,"0000042894 0000, 0000048653 0000, 0000000017 0000, 0000026826 0000, 0000035309 0000",,,,,,,
ABC Design,https://www.abcdesignbrasil.com.br/institucional/fale-conosco,2025-03-12T09:24:45.026073,"ola@dengo.com, contato@bebaby.com.br","638422447157470, 638536095378300, 08005803347, 5511971836890, 638530115914470, 347 (11) 3195-6316, 503952129.1694, +551131956316",https://wa.me/5511971836890,5511971836890,"https://www.facebook.com/abcdesignbrasil, https://www.facebook.com/dengochocolates","https://www.instagram.com/dengochocolates, https://www.instagram.com/abcdesign_brasil",,,"https://www.youtube.com/channel/UCrgLwbDa7M9CvleG7hytDgQ, https://www.youtube.com/c/ABCDesignBrasil"
Abecom,https://www.abecom.com.br/fale-conosco/,2025-03-12T09:24:53.120865,"curitiba@abecom.com.br, atendimento.loja@abecom.com.br, correias@abecom.com.br, vendas@abecom.com.br, minas@abecom.com.br, service@abecom.com.br, campinas@abecom.com.br","(11) 2797-1322, (11) 2797-1313, 1127972317, (11) 2902-1460, (19) 3243-6026, (11) 2797-1325, 551127972317, (11) 2797-2317","https://wa.me/5511975716067, https://wa.me/551127972317","551127972317, 5511975716067",https://www.facebook.com/AbecomSolucoesIndustriais,"https://www.instagram.com/p, https://www.instagram.com/abecomsolucoesindustriais",https://www.linkedin.com/company/abecom-rolamentos-e-produtos-de-borracha,,
Abex Peças,https://www.abexpecas.com.br/,2025-03-12T09:24:59.475126,abexdistribuidora@gmail.com,"5544988166089, 5511949320000, (11) 95696-0876, 11956960876, 11914940000","https://wa.me/5511956960876, https://wa.me/5511914940000, https://wa.me/5511949320000, https://wa.me/5544988166089","5511956960876, 5511949320000, 5511914940000, 5544988166089",https://www.facebook.com/abexpecas,https://www.instagram.com/abex_oficial,,,https://www.youtube.com/channel/UCOZx82pc-yid1tXvWeNdh6w
ABM PEÇAS,https://abmpecas.com/,2025-03-12T09:25:07.192257,contato@abmbrazil.com,,,,https://www.facebook.com/abmbrazil,https://www.instagram.com/abmbrazil,,,
ABMIDIA,https://www.infoabmidia.com.br/,2025-03-12T09:25:15.453551,"abmidia@infoabmidia.com.br, contato@abmediamkt.com","(21) 3183-7713, 21981334739, 55021981334739, (21) 3164-7881, 5521981334739, 19 99242-7663",https://wa.me/5521981334739,5521981334739,"https://www.facebook.com/lojaabmidia, https://www.facebook.com/abmedia.mkt","https://www.instagram.com/abmedia.mkt, https://www.instagram.com/infoabmidia",,,https://www.youtube.com/channel/UCBtwUQyCJkzTPbqDpGD_YWQ
Abrakadabra,https://www.abracadabra.com.br/,2025-03-12T09:25:26.700741,,"(11) 3611-9284, (21) 97117-4398, (11) 99939-3969, 5521971174398, 5521988239830, (21) 3017-9900",https://wa.me/5521988239830,5521988239830,https://www.facebook.com/AbraCadabraMoveis,https://www.instagram.com/abracadabraoficial,,,https://www.youtube.com/user/abracadabraloja
ABRASLON,https://www.instagram.com/abraslon/?hl=pt,2025-03-12T09:25:39.527381,,,,,,,,,
ABREALAS,https://www.facebook.com/photo.php?fbid=1010646541102707&id=100064721107386&set=a.685451806955517,2025-03-12T09:25:45.713090,,,,,,,,,
ABSOLUTA CASA E ORGANIZAÇÃO,https://www.absolutacasa.com.br/,2025-03-12T09:25:53.076722,"contato@absolutacasa.com.br, dir.seg.urbana@cajamar.sp.gov.br, defesacivil@cajamar.sp.gov.br, dir.transito@cajamar.sp.gov.br, corregedoriacajamar@cajamar.sp.gov.br","(16) 997992276, (11) 4446 0000, 191 (11)4446-0153, (11) 4446-0155, (16) 3964-7331, 191 (11) 4446-0151, 111 (11) 4446-0150, 5516997992276, 5516997622276, (16) 997622276","https://wa.me/5516997622276, https://wa.me/5516997992276","5516997992276, 5516997622276","https://www.facebook.com/absolutacasa, https://www.facebook.com/prefeituracajamar","https://www.instagram.com/absolutacasaeorganizacao, https://www.instagram.com/prefeituradecajamar",,,
Absoluta Chevrolet,https://www.absolutachevroletsantos.com.br/contato,2025-03-12T09:26:02.736778,,"(11) 97096-7574, (13) 3226-9000, (13) 99619-2484",,,https://facebook.com/chevroletabsoluta,https://instagram.com/chevroletabsoluta,https://www.linkedin.com/company/grupo-absoluta,,
Abuziv Jeans,https://www.abuzivjeans.com.br/,2025-03-12T09:26:11.106273,,"5511937498755, 43061825000129, (11) 4742-7337",https://wa.me/5511937498755,5511937498755,,,,,
AC Store Multimarcas,https://www.acstoremultimarcas.com.br/,2025-03-12T09:26:19.181190,contato@acstoremultimarcas.com.br,"(11) 97885-3731, 5511978853731",https://wa.me/5511978853731,5511978853731,"https://facebook.com/acstoremultimarcas, https://www.facebook.com/acstoremultimarcas",https://instagram.com/acstoremultimarcas,,,
ACAMARA,https://auditoriacidada.org.br/emails-de-deputados-federais/,2025-03-12T09:26:26.149726,"escoladocamposaomiguel@gmail.com, administracao@lapa.pr.gov.br, cmeipmm@yahoo.com.br, comunicacao@lapa.pr.gov.br, ppassosleoni@yahoo.com.br, ambientalapa@yahoo.com.br, fiscal.lapa.pr@gmail.com, serafinaslegais@yahoo.com, aglapa@sejuf.pr.gov.br, cmei.ruth@yahoo.com.br, escolaemilia@yahoo.com.br, educalapa@yahoo.com.br, lapasaude@lapa.pr.gov.br, ac_lapa@yahoo.com.br, bancosociallapa@yahoo.com.br, ctpslapa@gmail.com, sybilawille@yahoo.com.br, cmeiirmalidia@yahoo.com.br, planejamentourbano@lapa.pr.gov.br, escolacmarechal@gmail.com, serafinaslegais@yahoo.com.br, adm.ceju.lapa@gmail.com, cjoslacerda@yahoo.com, crecheberneck@yahoo.com.br, emc.martimafonso@gmail.com, escola_davidcarneiro@yahoo.com.br, catarinakecheramos@yahoo.com.br, ambientelapa@yahoo.com.br, escoladaloleoni@hotmail.com, escolauro@yahoo.com.br, escolacontestado2015@gmail.com, nslourdessaobento@hotmail.com, lapasaude@yahoo.com.br, escolapedrofavaro@yahoo.com.br, escolaeloah@yahoo.com.br, olariamlfl@hotmail.com, ermsantarita@gmail.com, ouvidoriasaude@lapa.pr.gov.br, cmei.ruth@yahoo.com, marcacao_de_consultas@hotmail.com, camara@lapa.pr.leg.br, jsm_006@hotmail.com, conselhotutelarlapa@gmail.com, escolapadrefeijo@yahoo.com.br, larsaovicentelapa@ig.com.br, tributacaolapa@gmail.com, cjoslacerda@yahoo.com.br, suprimentoslapa@gmail.com, escolamanoelpedro@yahoo.com.br, vigilanciaemsaudelapa@yahoo.com.br, suplementoslapa@gmail.com, escolacgustavo@gmail.com, cmeiliatereza@hotmail.com, fiscalobraslapa@gmail.com, polouablapapr@yahoo.com.br, fazenda.lapa@gmail.com, cms.lapa.pr@gmail.com, emc.martimhammerschimidt@gmail.com, ouvidoria@lapa.pr.leg.br, desenvolvimentoeconomico@lapa.pr.gov.br, infraestrutura@lapa.pr.gov.br","(41) 3547-5126, (41) 3547-8027, (41) 3547-5035, +55 (61) 98581-2561, (41) 3547-5088, 5561985812561, (41) 3622-7686",https://wa.me/5561985812561,5561985812561,"https://www.facebook.com/sharer, https://www.facebook.com/auditoriacidada.pagina, https://www.facebook.com/CamaraMunicipalDaLapa, facebook.com/auditoria","https://www.instagram.com/auditoriacidadabr, https://www.instagram.com/camaralapa",,"https://twitter.com/intent, https://twitter.com/AuditoriaCidada","https://www.youtube.com/user/auditoriadidada, https://www.youtube.com/channel/UC5pJUm3PyHjDvZ0fzZVMu2A"
Acaradiscus,https://www.instagram.com/loja.aquarismoitapira/p/BqSF2YuA0a_/,2025-03-12T09:26:37.097089,,,,,,,,,
ACCURATO SOLUÇÕES EM HIGIENE,https://www.instagram.com/accuratosolucoes/?hl=pt,2025-03-12T09:26:43.922970,,"10826947000100, 49310745000146, 57276547000131, 13817492000154, 57273637000179",,,,,,,
ACDelco,https://www.acdelco.com.br/,2025-03-12T09:26:52.309120,,"1131956431, 5511963934266, (11) 3195-6431, +55 (11) 96393-4266, 61555888904988",https://wa.me/5511963934266,5511963934266,https://www.facebook.com/people,https://www.instagram.com/usamax.autocenter,,,
ACE Películas,https://www.acdc.com/home/,2025-03-12T09:27:01.004199,,,,,"https://www.facebook.com/sharer, https://facebook.com/acdc",https://instagram.com/acdc,,"https://twitter.com/acdc, https://twitter.com/share","https://www.youtube.com/channel/UCB0JSO6d5ysH2Mmqz5I9rIw, https://www.youtube.com/user/acdc"
ACE VENDAS,https://support.google.com/fitbit/gethelp?hl=en,2025-03-12T09:27:09.400206,,735106181392239,,,https://www.facebook.com/Insta360,https://www.instagram.com/insta360,,https://twitter.com/insta360,https://www.youtube.com/c/insta360
Acer Brasil,https://www.acer.com/br-pt/support/contact-acer,2025-03-12T09:27:24.785902,,558005912489,https://wa.me/558005912489,558005912489,https://www.facebook.com/AcerdoBrasil,https://www.instagram.com/Acer,,https://twitter.com/acer,"https://www.youtube.com/channel/UCrJJLF-MAHn4emWhJls9xaA, https://www.youtube.com/user/acer"
Acero,https://brasil.arcelormittal.com/fale-conosco/telefones,2025-03-12T09:27:31.133193,"atendimento@acerobotas.com.br, arcelormittalnet@arcelormittal.com.br","553184532235, (16) 98145-0247, 300000000314829",https://wa.me/553184532235,553184532235,https://www.facebook.com/AceroBotas,https://www.instagram.com/acerobotas,https://linkedin.com/company/arcelormittal-brasil,,https://youtube.com/channel/UC-bRMvUQbXn63Ap1-bKXOfA
Acessocar,https://meritorbrasil.com.br/encontre-distribuidor-resultado.php,2025-03-12T09:27:37.930870,duvidas.tecnicas@meritor.com,"5511944555327, 901 (48) 3287-1000, (48) 3287-1000, 11 94455 5327",https://wa.me/5511944555327,5511944555327,https://www.facebook.com/CumminsMeritorBR,"https://www.instagram.com/formare_cummins_meritor, https://instagram.com/cumminsmeritor",,,https://www.youtube.com/user/MeritorInc
ACETPLACE,https://www.acetplace.com.br/,2025-03-12T09:27:45.368947,sac@acetplace.com.br,"(11) 2501-5917, 551125015917, 1125015917, 2600-5200-7800",https://wa.me/551125015917,551125015917,"https://facebook.com/acetplacecaixadeacetato, https://www.facebook.com/acetplacecaixadeacetato",https://instagram.com/acetplaceembalagens,,,
ACHE PEÇAS,https://www.achepecas.net/produto/modulo-de-tracao-hyundai-tucson-9544739980-original-35,2025-03-12T09:27:53.220661,contato@achepecas.net,"209544739980, 9544739992, 6-9544039545, 1688591817, (47) 98835-3994",https://wa.me/5547988353994,5547988353994,"https://facebook.com/achepecas, https://www.facebook.com/achepecas",https://instagram.com/achepecas,,,
Achei Energia Solar,https://www.acheiusa.com/Noticia/incendio-em-usina-de-energia-na-california-obriga-centenas-de-pessoas-a-sairem-de-suas-casas-151874/,2025-03-12T09:28:02.118905,,1463791059,,,https://www.facebook.com/acheiusanews,https://www.instagram.com/acheiusa,,https://twitter.com/AcheiUSAnews,https://www.youtube.com/c/AcheiUSANewspaperTV
Achei Pneus,https://www.acheipneus.com.br/,2025-03-12T09:28:07.680900,,,,,,,,,
Acheiaqui Online,https://www.instagram.com/mauricioalabama/,2025-03-12T09:28:15.819565,,,,,,,,,
ACJ Personalizados,https://www.distriar.com.br/,2025-03-12T09:28:22.531229,"vendas@leveros.com.br, sac@leveros..com.br, lojavirtual@distriar.com.br","551126016080, 5511987315434, (11) 3879-9840, 61502324000112, (11)2601-6080, 5511970792158, 1126016080, 5511913325349, +5508008894888, 551131640293","https://wa.me/5511964081388, https://wa.me/5511984390133, https://wa.me/551126016080, https://wa.me/551131640293, https://wa.me/5511987315434, https://wa.me/5511970792158, https://wa.me/5511913325349","551126016080, 5511987315434, 5511970792158, 5511913325349, 5511984390133, 551131640293, 5511964081388","https://www.facebook.com/leveros.com.br, https://www.facebook.com/distriar.arcondicionado","https://www.instagram.com/leveros, https://www.instagram.com/leveros.com.br, https://www.instagram.com/distriar.arcondicionado",https://www.linkedin.com/company/grupoleveros,,"https://www.youtube.com/channel/UCDDM0Eg-BPvyvbExXaZv8tQ, https://www.youtube.com/c/Leveros, https://www.youtube.com/channel/UCn_BBxqK-BTixt8dIZNPMNQ"
Acme,https://acmeshoemaker.com/category/loafer-review/,2025-03-12T09:28:46.495153,info@acmeshoemaker.com,+8613371666706,,,,https://www.instagram.com/acme_shoemaker,,,
AÇO CORTEN,https://www.facebook.com/photo.php?fbid=2990244721012477&id=561271530576487&set=a.844048752298762,2025-03-12T09:28:53.356111,atendimento@terracor.com.br,"921406398982, 394135404902460, 935053300938, 394135404900447, 940514042230",,,,,,,
Açoind Soluções,https://www.instagram.com/aco.ind/,2025-03-12T09:29:01.203872,,"55 (31) 2571-8188, 551145438188, 551635083113, +551146026799, +553125718188","https://wa.me/5511968425445, https://wa.me/5511963859602","5511968425445, 5511963859602",,,,,
ACP ECOMMERCE,https://www.procon.sp.gov.br/horario-de-atendimento-endereco-e-telefone/,2025-03-12T09:29:09.024008,"dri.tecnica@procon.sp.gov.br, imprensa@acp.org.br","+554133202929, 554133202929, (11) 3241-4053, (11) 5824-1102, (11) 5514-0182, (11) 5021-5376, 310 (41) 3320-2929, (11) 3942-5898, (41) 99228-9577, (41) 3320-2929",https://wa.me/554133202929,554133202929,"https://www.facebook.com/acpdigital, https://www.facebook.com/governosp, https://www.facebook.com/proconsp","https://www.instagram.com/proconsp, https://www.instagram.com/governosp, https://www.instagram.com/acpdigital","https://www.linkedin.com/company/governosp, https://www.linkedin.com/company/associa-o-comercial-do-paran-","https://www.twitter.com/governosp, https://twitter.com/acpdigital","https://www.youtube.com/channel/UCswbs5L7AevhKAHR2Fft87w, https://www.youtube.com/user/acpprdigital"
Acqua Aroma,https://www.acquaaroma.com.br/,2025-03-12T09:29:17.476862,sac@acquaaroma.com.br,"(71) 3026-1001, +557130261001",,,"https://www.facebook.com/aguadecheiro, https://www.facebook.com/AcquaAromaBrasil","https://www.instagram.com/acquaaroma, https://www.instagram.com/aguadecheirooficial",,https://twitter.com/aguadecheirobr,https://www.youtube.com/channel/UC4b7AGB-BoV1Uz5j2ojFYcw
Acqua Bronze,https://www.acquabronze.com.br/,2025-03-12T09:29:24.407336,sac@acquabronze.com.br,"(62) 3307-3400, 100086704734000, 556233073400",,,https://www.facebook.com/profile.php,http://instagram.com/acquabronzeoficial,,,https://www.youtube.com/channel/UCxyDBS8nAWaZEBgquIeE0xA
Acquabios,https://filtrosacquabios.com.br/pt_BR/contato,2025-03-12T09:29:32.780312,"contato@filtrosacquabios.com.br, sac@acquabios.com.br","54 99673.6422, 5432132201, +555432132201, 4415305415195, +5554996736422, 54 3213.2201",,,https://www.facebook.com/ACQUABIOS,https://www.instagram.com/acquabios,https://www.linkedin.com/company/acquabios,,https://www.youtube.com/channel/UC73CCrJETRciZiiBZIfTZrw
Acribom,https://www.acribom.com.br/pagina/duvidas-frequentes.html,2025-03-12T09:29:38.577816,"atendimento@papelariazap.com.br, vendas@acribom.com.br","5511992780370, (11) 99278-0370, 5521989964326, (21) 3213-4455, (21) 98996-4326, (11) 3805-9634","https://wa.me/5521989964326, https://wa.me/5511992780370","5521989964326, 5511992780370","https://facebook.com/papelariazap, https://facebook.com/acribom, https://www.facebook.com/papelariazap, https://www.facebook.com/acribom","https://instagram.com/acribomplasticos, https://instagram.com/papelariazap, https://www.instagram.com/acribomplasticos",,,
Acrilwood,https://www.acrilwood.ind.br/,2025-03-12T09:29:46.208689,"diogo@acrilwood.com.br, contato@fleximportados.com.br","(11) 96390-2066, 3108983993, 3125770611, 3106939641, 3111581411, (11) 2770-1214, 5511947419444","https://wa.me/5511947419444, https://wa.me/5511963902066","5511947419444, 5511963902066","https://www.facebook.com/fleximportados00, https://facebook.com/fleximportados00","https://www.instagram.com/raphael.adesign, https://www.instagram.com/acrilwood.ind, https://instagram.com/flex_importados00",https://www.linkedin.com/company/acrilwood-ind,,
Acrilzano,https://acrilzano.com.br/,2025-03-12T09:29:53.966643,,"59485356405, (21) 3372-3797, 545514595557145, (21) 98828-7194, 5521988287194",https://wa.me/5521988287194,5521988287194,,,,,
Acte Sports,https://www.actesports.com/,2025-03-12T09:30:00.498830,"atendimento@actesports.com.br, marketing2@actesports.com.br, sac@shopdoatleta.com.br","(11) 2085-4622, 551120854622, 5511973062678, 11973062678, (11) 97306-2678",https://wa.me/5511973062678,5511973062678,https://www.facebook.com/ActeSports,"https://instagram.com/actesports, https://www.instagram.com/casadoatletatv",linkedin.com/company/acte-sports,,
ACTIONSTORE,https://titan13toy.com/,2025-03-12T09:30:09.111131,,,,,,https://www.instagram.com/t13actionfigures,,,
ADA TINA,https://www.adatina.com/fale-conosco,2025-03-12T09:30:23.753618,sac@adatina.com,(19) 3252-0005,,,,,,,
AdamantiuN,https://www.adamantiun.com.br/,2025-03-12T09:31:15.931716,,"5511954589954, 11 95458-9954",https://wa.me/5511954589954,5511954589954,https://www.facebook.com/adamantiungamer,https://www.instagram.com/adamantiungamer,,,
Adamanto Store,https://www.adamantostore.com.br/adamanto,2025-03-12T09:31:28.018289,contato@adamantostore.com.br,"(44) 99131-9699, 5544991319699",,,"https://facebook.com/adamantostore, https://www.facebook.com/TheNorthFaceBrasil","https://www.instagram.com/adamantostore, https://www.instagram.com/thenorthfacebr",linkedin.com/company/thenorthfacebrasil,,https://www.youtube.com/channel/UCJPuB7FlgVRoniuulIwtqNQ
ADAMAS,https://www.adams.edu/,2025-03-12T09:31:35.614781,,"8008246494, 81930670520, 7195877011",,,"https://www.facebook.com/nycmayorsoffice, https://www.facebook.com/adamsstate","https://www.instagram.com/adamsstateuniv, http://instagram.com/nycmayorsoffice",,http://www.twitter.com/nycmayorsoffice,
ADAP BRASIL,https://www.adapbrasil.com.br/,2025-03-12T09:31:42.871903,vendas@adapbrasil.com.br,"16 981251818, 4595751160, 1858023820, 1370959934, 3397754036",,,https://www.facebook.com/adapbrasil,https://www.instagram.com/adap_brasil,,,https://www.youtube.com/channel/UCtlTspNkIWmP4H0Sk8CCyyQ
Adata,https://www.xpg.com/us,2025-03-12T09:31:51.939644,,,,,https://www.facebook.com/XPGglobal,https://www.instagram.com/xpg_global,https://www.linkedin.com/company/xpg-xtreme-performance-gear,https://twitter.com/XPG_Global,https://www.youtube.com/channel/UCsLsrE0vPP7EUs7Tza_lsTQ
Adax,https://www.audaxgroup.com/contact,2025-03-12T09:32:01.817442,"NewDeals@audaxprivateequity.com, NewOpportunities@audaxgroup.com, OUVIDORIA@AUDAXSP.COM.BR, ASCDeals@audaxstrategiccapital.com, LPRequests@audaxgroup.com, CONTATO@AUDAXSP.COM.BR","100094772943933, (11) 4556-1060",,,"https://www.facebook.com/profile.php, https://www.facebook.com/goaudax","https://www.instagram.com/osascoaudax, https://www.instagram.com/reel, https://www.instagram.com/audaxciosas",,,https://www.youtube.com/channel/UCUzAqeeASLkxjyLTgrvaVEg
ADB ACESSORIOS PARA PATCHWORK,https://www.acessoriosparapatchwork.com.br/,2025-03-12T09:32:13.501159,contato@adbacessorios.com.br,"551127298551, (11) 97710-7521, 9 77107521 1127, 11977107521, 5511977107521","https://wa.me/5511977107521, https://wa.me/5511977107521, https://wa.me/5511977107521, https://wa.me/5511977107521, https://wa.me/5511977107521, https://wa.me/5511977107521, https://wa.me/5511977107521, https://wa.me/5511977107521, https://wa.me/5511977107521, https://wa.me/5511977107521, https://wa.me/551127298551, https://wa.me/5511977107521, https://wa.me/551127298551, https://wa.me/5511977107521, https://wa.me/5511977107521, https://wa.me/5511977107521, https://wa.me/5511977107521, https://wa.me/5511977107521, https://wa.me/5511977107521, https://wa.me/5511977107521, https://wa.me/5511977107521, https://wa.me/5511977107521, https://wa.me/5511977107521, https://wa.me/5511977107521, https://wa.me/5511977107521, https://wa.me/5511977107521, https://wa.me/5511977107521, https://wa.me/5511977107521, https://wa.me/5511977107521, https://wa.me/5511977107521, https://wa.me/5511977107521, https://wa.me/5511977107521, https://wa.me/5511977107521, https://wa.me/5511977107521, https://wa.me/5511977107521, https://wa.me/5511977107521, https://wa.me/5511977107521, https://wa.me/5511977107521, https://wa.me/5511977107521, https://wa.me/5511977107521, https://wa.me/5511977107521, https://wa.me/5511977107521, https://wa.me/5511977107521, https://wa.me/5511977107521, https://wa.me/5511977107521, https://wa.me/5511977107521, https://wa.me/5511977107521, https://wa.me/5511977107521, https://wa.me/5511977107521, https://wa.me/5511977107521, https://wa.me/5511977107521, https://wa.me/5511977107521, https://wa.me/5511977107521, https://wa.me/5511977107521, https://wa.me/5511977107521, https://wa.me/5511977107521, https://wa.me/5511977107521, https://wa.me/5511977107521, https://wa.me/5511977107521, https://wa.me/5511977107521, https://wa.me/5511977107521, https://wa.me/5511977107521, https://wa.me/5511977107521, https://wa.me/5511977107521, https://wa.me/5511977107521, https://wa.me/5511977107521, https://wa.me/5511977107521, https://wa.me/5511977107521, https://wa.me/551127298551","5511977107521, 5511977107521, 5511977107521, 5511977107521, 5511977107521, 5511977107521, 5511977107521, 5511977107521, 5511977107521, 5511977107521, 551127298551, 5511977107521, 551127298551, 5511977107521, 5511977107521, 5511977107521, 5511977107521, 5511977107521, 5511977107521, 5511977107521, 5511977107521, 5511977107521, 5511977107521, 5511977107521, 5511977107521, 5511977107521, 5511977107521, 5511977107521, 5511977107521, 5511977107521, 5511977107521, 5511977107521, 5511977107521, 5511977107521, 5511977107521, 5511977107521, 5511977107521, 5511977107521, 5511977107521, 5511977107521, 5511977107521, 5511977107521, 5511977107521, 5511977107521, 5511977107521, 5511977107521, 5511977107521, 5511977107521, 5511977107521, 5511977107521, 5511977107521, 5511977107521, 5511977107521, 5511977107521, 5511977107521, 5511977107521, 5511977107521, 5511977107521, 5511977107521, 5511977107521, 5511977107521, 5511977107521, 5511977107521, 5511977107521, 5511977107521, 5511977107521, 5511977107521, 5511977107521, 551127298551",https://www.facebook.com/adbacessoriosparapatchwork,https://www.instagram.com/acessoriospatchwork,,,https://www.youtube.com/channel/UCLVtBQhiBIyMAFVZqjMNtOQ
Adcos,https://www.lojaadcos.com.br/fale-conosco,2025-03-12T09:32:24.940097,,"1727119005442, 1727119058771, (27) 99718-9031, 5527997189031",https://wa.me/5527997189031,5527997189031,"facebook.com/oficial.adcos, https://www.facebook.com/oficial.adcos",https://www.instagram.com/oficialadcos,https://www.linkedin.com/company/adcosoficial,,"https://www.youtube.com/channel/UCmD0id1FrdBfkel3VcGZfoQ, youtube.com/channel/UCmD0id1FrdBfkel3VcGZfoQ"
Adecil,https://www.adecil.com.br/central-de-atendimento,2025-03-12T09:32:33.078790,"adecil@adecil.com.br, epi@adecil.com.br, contato@adecil.com.br, tecnico@adecil.com.br","(11) 4526-1366, 11 45261366, 11 4526-1366, 1145261366, 551145261366","https://wa.me/551145261366, https://wa.me/551145261366, https://wa.me/551145261366, https://wa.me/551145261366","551145261366, 551145261366, 551145261366, 551145261366",https://www.facebook.com/AdecilCom,https://www.instagram.com/adecilcom,,,https://www.youtube.com/user/adecil3m
Adega R2,https://www.adegar2.com.br/,2025-03-12T09:32:43.962395,contato@adegar2.com.br,"5554984129665, (54) 98412-9665, (54) 98438-6061, 5554984386061, 11950604431, 5511950604431",https://wa.me/5511950604431,5511950604431,https://facebook.com/adegar2,"https://www.instagram.com/adega.r2, https://www.instagram.com/adegar2",,,
Adegraf Etiquetas,https://adegraf.com.br/,2025-03-12T09:32:51.277857,"loja@adegraf.com.br, vendas@adegraf.com.br","551120679999, 2-1741747659, (11) 2067-9999, (11) 20679999, 11 2067 9999",https://wa.me/551120679999,551120679999,https://www.facebook.com/adegrafsp,,,twitter.com/share,https://www.youtube.com/channel/UCb0wrhCfgOadpkSJqvtDaZA
Adere,https://procon.portal.ap.gov.br/noticia/1811/procon-ap-adere-ao-mutirao-nacional-de-negociacao-de-dividas-com-bancos,2025-03-12T09:32:58.562614,"santoandreprocon@gmail.com, cartorio@procon.ap.gov.br, operacoes.varejo@bancofibra.com.br, cobranca@c6bank.com, recuperacaocredito@nbcbank.com.br, cobranca_pb@paranabanco.com.br, negociacao@senff.com.br, atendimento-cobranca@inbursa.com, procon@santoandre.sp.gov.br, atendimento@bancosemear.com.br, recuperacao@banrisul.com.br","(61) 99824-7521, (11) 97958-3125, (11) 3030-4444, (11) 3386-8677, (11) 4004 7990",https://wa.me/5508007070398,5508007070398,"http://www.facebook.com/governoamapa, https://www.facebook.com/governosp, https://www.facebook.com/proconsp","https://www.instagram.com/proconsp, https://www.instagram.com/governosp, https://www.instagram.com/governoamapa",https://www.linkedin.com/company/governosp,"https://www.twitter.com/governosp, https://twitter.com/governodoamapa, https://twitter.com/share","https://www.youtube.com/channel/UCswbs5L7AevhKAHR2Fft87w, http://www.youtube.com/user/GovernodoAmapa"
Adespan,https://www.adespan.com.br/fale-conosco.php,2025-03-12T09:33:07.544240,ecommerce@adespan.com.br,"5541999900335, 5541995000644, (41) 9990-0296, 41 99900296, 41 9524-1069","https://wa.me/5541999900291, https://wa.me/5541995000458, https://wa.me/5541999900335, https://wa.me/554198740338, https://wa.me/5541995000644, https://wa.me/5541995000847","5541999900291, 5541995000458, 5541999900335, 554198740338, 5541995000644, 5541995000847",https://www.facebook.com/adespansolucoesparaimpressao,https://www.instagram.com/adespan.solucoes_paraimpressao,,,https://www.youtube.com/channel/UCL57w-qfaAJeu85042hxGCw
ADF Ferramentas,https://www.wtferramentas.com.br/4642/tnmg-160408-adf-yb9320,2025-03-12T09:33:23.471068,site@wtferramentas.com.br,"47 3373.6953, 5547996203839, 47 3376.3561, 47 3307.0774, 47 3273.0633","https://wa.me/5547996203839, https://wa.me/5547996203839, https://wa.me/5547996203839","5547996203839, 5547996203839, 5547996203839",https://www.facebook.com/WTferramentas,https://www.instagram.com/wtferramentas,,,
ADG Etiquetas,https://www.graficapress.com.br/contato,2025-03-12T09:33:29.713845,atendimento@impressosadg.com.br,"+551131516697, (11) 3151-6697, 000 (11) 3151-6697, +5511995024843",,,,,,,
Adicel,https://www.adicel.com.br/,2025-03-12T09:33:35.976671,sac@adicel.com.br,"3134253999, 553134253999, (31)3425-3999",https://wa.me/553134253999,553134253999,facebook.com/adicelingredientes,https://www.instagram.com/adicelingredientes,https://www.linkedin.com/company/adicel-ingredientes,,https://www.youtube.com/c/AdicelIngredientes
Adj Decor,https://www.adjdecor.com.br/,2025-03-12T09:35:04.282290,suporte@adjdecor.com.br,"1487843782, 818651028911, 5543999007012",https://wa.me/5543999007012,5543999007012,"https://www.facebook.com/adjlighting, https://www.facebook.com/ADJDecor","https://www.instagram.com/adjdecor, https://www.instagram.com/adj_lighting",,"https://twitter.com/adjdecor, https://twitter.com/adjlighting",
Adler,https://www.hoteladlercavalieri.com/en/contact-us,2025-03-12T09:35:18.765138,"booking@hoteladlercavalieri.com, hotel@adler-au.at, mbhotels@pec.it","+39 055 27781509, 43 5515 2264, 07262850485, +39 055 27781508, 393356129841, 43 5515 2216",https://wa.me/393356129841,393356129841,"https://www.facebook.com/hoteladlercavalieri2, https://www.facebook.com/hotel.adler.au","https://www.instagram.com/explore, https://www.instagram.com/hotel_adler_au",,,
Admirare,https://www.chinainbox.com.br/,2025-03-12T09:35:25.239964,,,,,,,,,
ADOLETA BEBÊ,https://yanaiatacado.com.br/products/banheira-translucida-22-litros-adoleta-bebe-1,2025-03-12T09:35:33.183098,atendimento@yanaiatacado.com.br,"5511941252523, 1732106247, (11) 94125-2523, (11) 2292-9077",https://wa.me/5511941252523,5511941252523,"https://www.facebook.com/yanaiatacado, www.facebook.com/sharer.php",https://www.instagram.com/yanaiatacado,,twitter.com/intent,
Adolfo Dominguez,https://www.adolfodominguez.com/en-gb/contact,2025-03-12T09:35:40.366623,contact@adolfodominguez.com,"243349291201, 30 463492776129, 286122311873, 25 243349225665, 1353265217624",,,"https://www.facebook.com/adolfodominguezofficial, https://www.facebook.com/pages","https://instagram.com/AdolfoDominguezOfficial, instagram.com/labelleperfumes",https://www.linkedin.com/company/adolfo-dominguez-s-a-,https://twitter.com/ad_oficial,https://www.youtube.com/user/AdolfoDominguezSA
Adonai Estofados,https://www.adonaiestofados.com.br/,2025-03-12T09:35:47.569923,sac@adonaiestofados.com,"(43) 3152-5872, 554331525872, 4331525872",https://wa.me/554331525872,554331525872,https://www.facebook.com/AdonaiEstofadoss,"https://www.instagram.com/p, https://www.instagram.com/adonaiestofadoss",,,
ADORO MEU CARRO,https://www.adoromeucarro.com.br/,2025-03-12T09:35:54.522503,sac@adoromeucarro.com.br,"(11) 93423-4224, +55 11 93423-4224, 5511934234224","https://wa.me/5511934234224, https://wa.me/5511934234224, https://wa.me/5511934234224","5511934234224, 5511934234224, 5511934234224",https://www.facebook.com/AdoroMeuCarroOficial,https://www.instagram.com/adoromeucarro,https://www.linkedin.com/company/adoro-meu-carro,,https://www.youtube.com/channel/UC499RcGXBfSqLFIyBI4ZCsg
Adrilustres,https://www.rmiluminacao.com.br/acessorios/acrilico-quadrado-para-lustre,2025-03-12T09:36:06.653309,contato@rmiluminacao.com.br,"(11) 5841-2739, 5511976844194, (11) 97684-4194, 1158412739, (11) 99689-9616","https://wa.me/5511976844194, https://wa.me/5511996899616","5511976844194, 5511996899616","https://www.facebook.com/rmiluminacao, https://www.facebook.com/rmiluminacao.1",https://www.instagram.com/rmiluminacao,,,
ADSL CÂMERAS,https://www.ic3.gov/,2025-03-12T09:36:14.840910,,"0288229078, +18338374966, 9026525651",,,"https://www.facebook.com/verizon, www.facebook.com/443","www.instagram.com/443, https://www.instagram.com/verizon",,https://twitter.com/verizon,https://www.youtube.com/user/verizon
ADSLCAMERAS,https://www.adslcameras.com.br/contato,2025-03-12T09:36:22.799579,contato@adslcameras.com.br,"00 1130423300, (11) 3042-3300, 083861300001, 551130423300","https://wa.me/551130423300, https://wa.me/551130423300, https://wa.me/551130423300","551130423300, 551130423300, 551130423300",https://www.facebook.com/adslcameras,https://www.instagram.com/adslcameras,,https://twitter.com/ADSLCIA,https://www.youtube.com/channel/UClf3uBwPJQ4ebiM0vESdWyA
Aduze,https://www.useaduze.com.br/copo-termico-aduze-porta-lata-e-long-neck-branco-420ml,2025-03-12T09:36:33.481657,,"14996459707, (14) 99645-9707, 5514996459707",https://wa.me/5514996459707,5514996459707,https://facebook.com/useaduze,https://instagram.com/useaduze,,,
ADV Moto Parts,https://www.advmotoparts.com.br/,2025-03-12T09:36:40.623558,"atendimento@raimixmotoparts.com.br, ecommerce@advmotoparts.com.br","5561991223963, (11) 98483-6800, 11984836800, (61) 99122-3963, 61999532873, 61991223963, 0789015002079, 5561999532873, 5511984836800","https://wa.me/5561991223963, https://wa.me/5511984836800, https://wa.me/5561999532873","5561991223963, 5561999532873, 5511984836800","https://facebook.com/raimixmotoparts, facebook.com/advmotoparts, https://www.facebook.com/raimixmotoparts","https://www.instagram.com/p, https://instagram.com/raimix_motoparts, https://www.instagram.com/advmotoparts, https://www.instagram.com/reel",,,
AE AUTO ESTÉTICA,https://www.procon.sp.gov.br/,2025-03-12T09:36:55.607269,,,,,"https://www.facebook.com/governosp, https://www.facebook.com/proconsp","https://www.instagram.com/proconsp, https://www.instagram.com/governosp",https://www.linkedin.com/company/governosp,https://www.twitter.com/governosp,https://www.youtube.com/channel/UCswbs5L7AevhKAHR2Fft87w
Aeradores Gaivota,https://aeradoresgaivota.mercadoshops.com.br/,2025-03-12T09:37:03.007762,,"1897951352, 1911190240, 5588992552468, 3051995467",https://wa.me/5588992552468,5588992552468,https://www.facebook.com/aeradoresgaivota,,,,
AEROFITNESS,https://www.instagram.com/corridasemsergipe/p/DAkBIqSNXHE/,2025-03-12T09:37:10.654242,,,,,,,,,
AEROIMPORTS,https://aeroimport.com.br/contato/,2025-03-12T09:37:20.998523,tenorio@aeroimport.com.br,"+55 (21) 3325-1709, 100039385224806, 5521964443791, +55(21)33251709, +55 (21) 96444-3791",https://wa.me/5521964443791,5521964443791,https://www.facebook.com/profile.php,https://www.instagram.com/aeroimport_logistica,https://www.linkedin.com/company/aeroimport-logistica-aduaneira,https://twitter.com/Aeroimport_,
Aéropostale,https://www.seastreetabc.com.br/camiseta-masculina-aeropostale-usa-new-york-cor,2025-03-12T09:37:29.610955,"sac@aeropostale.com.br, contato@seastreetabc.com.br","(11) 4314-9300, 273022 30221664, 43996 30176113, 5511993669067, 239706 30297480, 234862 30177899, 248666 30196650, (11) 99366-9067","https://wa.me/5511971496118, https://wa.me/5511993669067","5511971496118, 5511993669067","https://www.facebook.com/Seastreetroupas, https://facebook.com/Seastreetroupas, https://www.facebook.com/Aeropostalebrasil","https://instagram.com/seastreetoficial, https://instagram.com/Aeropostale.brasil",,,https://www.youtube.com/user/A87Video
Aesse Utilidades,https://www.fitnyc.edu/about/contact/index.php,2025-03-12T09:37:38.904635,atendimento@aesseutilidades.com.br,"2023 2021-2022, 2025 2024 2023, 2018 2017 2016, 2015 2013-2014, 5514982163488, 2020-2021 2019, (14) 98216-3488, (14) 3471-1894",https://wa.me/5514982163488,5514982163488,"https://www.facebook.com/FashionInstituteofTechnology, https://facebook.com/Aesse.Presentes, https://www.facebook.com/Aesse.Presentes","https://www.instagram.com/fitnyc, https://instagram.com/aesse_eletronicos_e_utilidades",,,
AFFINITÁ BRASIL,https://www.affinitabrasil.com.br/,2025-03-12T09:37:46.622259,comercial@affinitabrasil.com.br,"(41984302147, (41) 3669-2199, 4136692199, 5541984302147, 179208908437250, 554136692199","https://wa.me/5541984302147, https://wa.me/554136692199","554136692199, 5541984302147","https://www.facebook.com/sharer, https://www.facebook.com/thedrumpage, https://www.facebook.com/AffinitaBR, https://www.facebook.com/dialog","https://www.instagram.com/p, https://www.instagram.com/affinitabrasil, https://www.instagram.com/thedrummag",https://www.linkedin.com/company/thedrum,"https://twitter.com/intent, https://twitter.com/thedrum",https://www.youtube.com/user/TheDrumReel
Affluere,https://www.thecompanycheck.com/company/affluere-wealth-india-private-limited/U66300KA2024PTC184238,2025-03-12T09:38:02.127096,,"104898894321356, 161409181700592, 54151014100, 1614091817005, 00443110555",,,"https://www.facebook.com/sharer, https://www.facebook.com/The, facebook.com/AffluereOficial",https://www.instagram.com/affluereoficial,https://www.linkedin.com/company/the-company-check,"https://twitter.com/intent, https://twitter.com/TheCompanyCheck, https://twitter.com/affluereoficial",https://www.youtube.com/channel/UCUtj-H5uYewlHCuJMSzI8bQ
